id,first_name,last_name,email,gender,isQuincenal
1,Markus,Blaschek,mblaschek0@apache.org,Agender,1
2,Barbara,Isaq,bisaq1@imageshack.us,Polygender,0
3,Francisca,Farmloe,ffarmloe2@usnews.com,Female,1
4,Woodman,Anderer,wanderer3@simplemachines.org,Genderfluid,1
5,Mei,Kennealy,mkennealy4@friendfeed.com,Genderfluid,1
6,Yorgo,Hedan,yhedan5@seattletimes.com,Female,0
7,Emeline,Cooke,ecooke6@boston.com,Polygender,0
8,Demeter,Turgoose,dturgoose7@webmd.com,Non-binary,1
9,Sharline,Louthe,slouthe8@behance.net,Male,0
10,Ryann,Grodden,rgrodden9@elegantthemes.com,Genderfluid,0
11,Vin,Glader,vgladera@ameblo.jp,Genderfluid,1
12,Nobie,Serfati,nserfatib@java.com,Bigender,0
13,Geri,Boanas,gboanasc@wp.com,Female,0
14,Keelia,Yakunin,kyakunind@baidu.com,Agender,0
15,Enrique,Eddow,eeddowe@unesco.org,Male,0
16,Nesta,Washington,nwashingtonf@seattletimes.com,Bigender,0
17,Heddi,Antowski,hantowskig@vk.com,Genderqueer,0
18,Jeni,Latch,jlatchh@seesaa.net,Non-binary,0
19,Vinny,Unitt,vunitti@google.ru,Female,0
20,Shaylah,Pearsall,spearsallj@163.com,Bigender,1
21,Lexine,Airdrie,lairdriek@hostgator.com,Agender,1
22,Paxton,Venard,pvenardl@discovery.com,Bigender,1
23,Ali,Trainor,atrainorm@usnews.com,Genderfluid,1
24,Sena,Beddis,sbeddisn@webnode.com,Genderfluid,0
25,Martainn,Seven,mseveno@goo.ne.jp,Female,0
26,Tally,Lathwell,tlathwellp@microsoft.com,Female,0
27,Janean,Lipmann,jlipmannq@live.com,Female,1
28,Sharona,Spragge,sspragger@google.com.au,Polygender,0
29,Minni,Lammenga,mlammengas@seattletimes.com,Agender,1
30,Cristian,Crankshaw,ccrankshawt@vimeo.com,Bigender,1
31,Hugibert,Harbach,hharbachu@aboutads.info,Polygender,1
32,Katharine,Millions,kmillionsv@multiply.com,Non-binary,1
33,Delano,Attoe,dattoew@mapquest.com,Genderfluid,1
34,Erskine,Ginnally,eginnallyx@hp.com,Male,0
35,Godart,Askin,gaskiny@discuz.net,Polygender,1
36,Sayer,Boldt,sboldtz@fc2.com,Female,1
37,Vallie,Leades,vleades10@ucoz.ru,Genderfluid,1
38,Maurita,Booth,mbooth11@posterous.com,Genderfluid,1
39,Benedicta,Tumbridge,btumbridge12@cam.ac.uk,Bigender,0
40,Sarette,Mapples,smapples13@symantec.com,Non-binary,1
41,Barrett,Zoppie,bzoppie14@biblegateway.com,Male,0
42,Yuri,Castille,ycastille15@php.net,Bigender,0
43,Bevan,Keaveney,bkeaveney16@homestead.com,Male,1
44,Lauretta,Hobgen,lhobgen17@mtv.com,Genderqueer,1
45,Ingram,Halbard,ihalbard18@apache.org,Male,0
46,Bruce,Reason,breason19@51.la,Polygender,1
47,Michel,Shoveller,mshoveller1a@printfriendly.com,Female,0
48,Janet,Wimmer,jwimmer1b@elpais.com,Bigender,0
49,Rory,Hefferan,rhefferan1c@paypal.com,Female,0
50,Drew,Winslett,dwinslett1d@gizmodo.com,Polygender,1
51,Elijah,Edy,eedy1e@domainmarket.com,Non-binary,0
52,Marcel,Rudyard,mrudyard1f@geocities.jp,Genderfluid,1
53,Alison,Burhouse,aburhouse1g@marketwatch.com,Bigender,1
54,Pepi,Hacking,phacking1h@geocities.jp,Polygender,1
55,Hank,Illingworth,hillingworth1i@nbcnews.com,Bigender,0
56,Elicia,Crimpe,ecrimpe1j@nps.gov,Polygender,1
57,Lucius,Durrington,ldurrington1k@furl.net,Male,1
58,Herman,Prangnell,hprangnell1l@howstuffworks.com,Non-binary,0
59,Ellen,Gavrielly,egavrielly1m@utexas.edu,Bigender,1
60,Wynn,Allsobrook,wallsobrook1n@free.fr,Genderfluid,0
61,Shawnee,Ellsbury,sellsbury1o@globo.com,Genderqueer,1
62,Caspar,Brigge,cbrigge1p@eepurl.com,Genderqueer,0
63,Randal,Buy,rbuy1q@arstechnica.com,Bigender,0
64,Rachel,Dowson,rdowson1r@cdbaby.com,Bigender,1
65,Lynnet,Sarjant,lsarjant1s@aboutads.info,Genderqueer,1
66,Doralia,Gynni,dgynni1t@cafepress.com,Bigender,0
67,Taddeusz,Emberton,temberton1u@tripod.com,Female,0
68,Millisent,Comley,mcomley1v@npr.org,Genderqueer,1
69,Aubrey,De Metz,ademetz1w@aboutads.info,Female,0
70,Patten,Thickens,pthickens1x@boston.com,Agender,0
71,Glenine,Laible,glaible1y@homestead.com,Female,0
72,Thorpe,Loudian,tloudian1z@google.com.au,Female,1
73,Penn,Flawn,pflawn20@altervista.org,Male,1
74,Gustav,Glazer,gglazer21@histats.com,Agender,1
75,Kylila,O'Connolly,koconnolly22@prnewswire.com,Bigender,0
76,Eran,Pascho,epascho23@printfriendly.com,Genderqueer,0
77,Aldis,Vegas,avegas24@scientificamerican.com,Agender,1
78,Filippo,Henrionot,fhenrionot25@dyndns.org,Agender,1
79,Demott,Castelyn,dcastelyn26@sourceforge.net,Agender,0
80,Eward,Brodeur,ebrodeur27@typepad.com,Genderqueer,0
81,Mirna,Rounsefull,mrounsefull28@forbes.com,Non-binary,1
82,Dru,Penberthy,dpenberthy29@samsung.com,Agender,1
83,Pavel,Halt,phalt2a@oaic.gov.au,Bigender,0
84,Hortensia,Pedron,hpedron2b@amazon.com,Non-binary,0
85,Mahalia,Stuchburie,mstuchburie2c@cloudflare.com,Female,0
86,Elisa,Setford,esetford2d@goo.ne.jp,Agender,1
87,Trey,Rixon,trixon2e@youtube.com,Polygender,1
88,Vonnie,Wilsone,vwilsone2f@army.mil,Bigender,1
89,Ardath,Boles,aboles2g@mysql.com,Genderqueer,0
90,Sarena,Batch,sbatch2h@foxnews.com,Polygender,0
91,Gustav,Wigzell,gwigzell2i@yolasite.com,Non-binary,0
92,Malena,Castanone,mcastanone2j@ucoz.com,Genderfluid,0
93,Barbee,Pawfoot,bpawfoot2k@vistaprint.com,Female,1
94,Gray,Whittleton,gwhittleton2l@tripod.com,Polygender,0
95,Nannie,Pinniger,npinniger2m@economist.com,Bigender,0
96,Willi,Keets,wkeets2n@altervista.org,Agender,1
97,Sheri,Pococke,spococke2o@godaddy.com,Male,0
98,Hansiain,Callear,hcallear2p@ameblo.jp,Genderfluid,0
99,Mord,Connichie,mconnichie2q@auda.org.au,Female,0
100,Yvonne,Bonnyson,ybonnyson2r@ucoz.ru,Female,0